{"cameraMode":{"drawMode":0,"name":"Shaded","section":"Shading Mode"},"sceneLighting":true,"audioPlay":false,"sceneViewState":{"showFog":true,"showMaterialUpdate":false,"showSkybox":true,"showFlares":true,"showImageEffects":true,"showParticleSystems":true},"in2DMode":false,"pivot":{"x":10.326576232910157,"y":-12.325057029724121,"z":-7.276273727416992},"rotation":{"x":-0.19963309168815614,"y":-0.789005696773529,"z":0.328769713640213,"w":-0.47909706830978396},"size":35.81858444213867,"orthographic":false}